district_id,aadhaar_id,biometric_update_flag,demographic_update_flag,last_update_date,total_aadhaar_holders
D001,UID_D001_000,0,0,,20
D001,UID_D001_001,0,0,,20
D001,UID_D001_002,0,1,2023-11-06,20
D001,UID_D001_003,0,0,,20
D001,UID_D001_004,0,0,,20
D001,UID_D001_005,0,0,,20
D001,UID_D001_006,0,1,2024-07-12,20
D001,UID_D001_007,0,1,2024-06-21,20
D001,UID_D001_008,0,0,,20
D001,UID_D001_009,0,0,,20
D001,UID_D001_010,0,1,2024-05-29,20
D001,UID_D001_011,0,0,,20
D001,UID_D001_012,0,0,,20
D001,UID_D001_013,0,0,,20
D001,UID_D001_014,0,1,2025-01-09,20
D001,UID_D001_015,0,1,2024-05-13,20
D001,UID_D001_016,0,0,,20
D001,UID_D001_017,0,1,2024-04-16,20
D001,UID_D001_018,0,1,2023-07-05,20
D001,UID_D001_019,0,1,2024-05-19,20
D002,UID_D002_000,1,0,2025-05-29,20
D002,UID_D002_001,1,0,2025-07-31,20
D002,UID_D002_002,1,0,2025-10-12,20
D002,UID_D002_003,1,1,2025-09-10,20
D002,UID_D002_004,1,0,2025-07-09,20
D002,UID_D002_005,0,1,2025-12-05,20
D002,UID_D002_006,1,1,2025-03-23,20
D002,UID_D002_007,1,0,2025-09-20,20
D002,UID_D002_008,1,0,invalid-date,20
D002,UID_D002_009,0,0,,20
D002,UID_D002_010,0,0,,20
D002,UID_D002_011,0,0,,20
D002,UID_D002_012,1,0,2025-03-14,20
D002,UID_D002_013,0,0,,20
D002,UID_D002_014,1,0,2025-10-20,20
D002,UID_D002_015,0,1,2025-04-11,20
D002,UID_D002_016,0,0,,20
D002,UID_D002_017,0,0,,20
D002,UID_D002_018,1,1,2025-10-18,20
D002,UID_D002_019,1,0,2025-10-10,20
D003,UID_D003_000,1,0,2026-01-07,20
D003,UID_D003_001,1,0,2025-12-31,20
D003,UID_D003_002,1,0,2025-12-19,20
D003,UID_D003_003,1,0,2025-12-31,20
D003,UID_D003_004,1,0,2026-01-13,20
D003,UID_D003_005,1,1,2025-12-23,20
D003,UID_D003_006,1,0,2025-12-29,20
D003,UID_D003_007,1,0,2026-01-14,20
D003,UID_D003_008,1,0,2025-12-27,20
D003,UID_D003_009,1,0,2026-01-17,20
D003,UID_D003_010,0,0,,20
D003,UID_D003_011,0,0,,20
D003,UID_D003_012,1,0,2026-01-01,20
D003,UID_D003_013,1,0,2026-01-10,20
D003,UID_D003_014,1,1,2025-12-19,20
D003,UID_D003_015,1,1,2025-12-20,20
D003,UID_D003_016,1,0,2025-12-21,20
D003,UID_D003_017,1,1,2025-12-18,20
D003,UID_D003_018,1,0,2026-01-04,20
D003,UID_D003_019,1,0,2026-01-07,20
D004,UID_D004_000,1,1,2025-12-19,20
D004,UID_D004_001,0,0,,20
D004,UID_D004_002,1,0,2025-12-24,20
D004,UID_D004_003,1,0,2025-12-24,20
D004,UID_D004_004,1,1,2026-01-15,20
D004,UID_D004_005,1,1,2025-12-19,20
D004,UID_D004_006,1,0,2025-12-29,20
D004,UID_D004_007,1,0,2026-01-01,20
D004,UID_D004_008,1,0,2026-01-01,20
D004,UID_D004_009,1,0,2026-01-01,20
D004,UID_D004_010,1,1,2025-12-21,20
D004,UID_D004_011,1,0,2025-12-22,20
D004,UID_D004_012,1,1,2025-12-24,20
D004,UID_D004_013,1,0,2025-12-18,20
D004,UID_D004_014,1,1,2026-01-14,20
D004,UID_D004_015,1,1,2025-12-29,20
D004,UID_D004_016,1,1,2026-01-07,20
D004,UID_D004_017,1,1,invalid-date,20
D004,UID_D004_018,1,0,2026-01-10,20
D004,UID_D004_019,1,0,2026-01-03,20
D005,UID_D005_000,1,0,2026-01-15,20
D005,UID_D005_001,1,0,2025-12-23,20
D005,UID_D005_002,1,0,2026-01-06,20
D005,UID_D005_003,1,0,2026-01-02,20
D005,UID_D005_004,1,0,2026-01-04,20
D005,UID_D005_005,1,0,2026-01-09,20
D005,UID_D005_006,1,1,2026-01-10,20
D005,UID_D005_007,1,0,2026-01-03,20
D005,UID_D005_008,1,0,2026-01-10,20
D005,UID_D005_009,1,0,2026-01-13,20
D005,UID_D005_010,1,1,2026-01-09,20
D005,UID_D005_011,1,0,2026-01-09,20
D005,UID_D005_012,1,0,2025-12-21,20
D005,UID_D005_013,1,1,2026-01-08,20
D005,UID_D005_014,1,0,2026-01-16,20
D005,UID_D005_015,1,0,2025-12-26,20
D005,UID_D005_016,1,0,2026-01-17,20
D005,UID_D005_017,1,0,2025-12-20,20
D005,UID_D005_018,0,0,,20
D005,UID_D005_019,1,1,2026-01-10,20
D006,UID_D006_000,1,0,2025-06-10,20
D006,UID_D006_001,0,1,2025-08-29,20
D006,UID_D006_002,1,0,2025-10-20,20
D006,UID_D006_003,1,0,2025-11-07,20
D006,UID_D006_004,1,1,2025-05-04,20
D006,UID_D006_005,1,0,2025-10-18,20
D006,UID_D006_006,1,0,2025-06-07,20
D006,UID_D006_007,1,0,2025-08-23,20
D006,UID_D006_008,1,0,2025-12-11,20
D006,UID_D006_009,1,1,2025-08-30,20
D006,UID_D006_010,0,0,,20
D006,UID_D006_011,0,0,,20
D006,UID_D006_012,0,1,2025-03-12,20
D006,UID_D006_013,0,0,,20
D006,UID_D006_014,0,0,,20
D006,UID_D006_015,0,0,,20
D006,UID_D006_016,0,0,,20
D006,UID_D006_017,1,1,2025-07-17,20
D006,UID_D006_018,0,0,,20
D006,UID_D006_019,1,0,2025-11-25,20
D007,UID_D007_000,1,1,2025-06-17,20
D007,UID_D007_001,1,0,2025-03-03,20
D007,UID_D007_002,0,0,,20
D007,UID_D007_003,1,1,2025-07-03,20
D007,UID_D007_004,0,1,2025-08-24,20
D007,UID_D007_005,1,1,2025-12-12,20
D007,UID_D007_006,1,0,2025-12-09,20
D007,UID_D007_007,1,1,2025-06-15,20
D007,UID_D007_008,0,0,,20
D007,UID_D007_009,1,0,2025-07-27,20
D007,UID_D007_010,1,1,2025-05-11,20
D007,UID_D007_011,1,0,2025-07-05,20
D007,UID_D007_012,0,0,,20
D007,UID_D007_013,1,0,2025-09-16,20
D007,UID_D007_014,0,0,,20
D007,UID_D007_015,0,1,2025-08-12,20
D007,UID_D007_016,1,0,2025-07-22,20
D007,UID_D007_017,0,0,,20
D007,UID_D007_018,0,0,,20
D007,UID_D007_019,0,0,,20
D008,UID_D008_000,0,1,2023-12-26,20
D008,UID_D008_001,0,0,,20
D008,UID_D008_002,0,0,,20
D008,UID_D008_003,0,1,2024-05-19,20
D008,UID_D008_004,0,0,,20
D008,UID_D008_005,0,0,,20
D008,UID_D008_006,0,0,,20
D008,UID_D008_007,0,0,,20
D008,UID_D008_008,0,0,,20
D008,UID_D008_009,0,0,,20
D008,UID_D008_010,0,0,,20
D008,UID_D008_011,0,0,,20
D008,UID_D008_012,0,0,,20
D008,UID_D008_013,0,1,2024-06-16,20
D008,UID_D008_014,0,0,,20
D008,UID_D008_015,0,1,2024-02-25,20
D008,UID_D008_016,0,0,,20
D008,UID_D008_017,0,1,2023-06-18,20
D008,UID_D008_018,0,0,,20
D008,UID_D008_019,0,0,,20
D009,UID_D009_000,0,1,2023-11-21,20
D009,UID_D009_001,0,1,2024-04-04,20
D009,UID_D009_002,0,0,,20
D009,UID_D009_003,0,0,,20
D009,UID_D009_004,0,1,2023-08-14,20
D009,UID_D009_005,0,0,,20
D009,UID_D009_006,0,0,,20
D009,UID_D009_007,0,0,,20
D009,UID_D009_008,0,1,2023-05-28,20
D009,UID_D009_009,0,0,,20
D009,UID_D009_010,0,0,,20
D009,UID_D009_011,0,0,,20
D009,UID_D009_012,0,0,,20
D009,UID_D009_013,0,0,,20
D009,UID_D009_014,0,0,,20
D009,UID_D009_015,0,0,,20
D009,UID_D009_016,0,0,,20
D009,UID_D009_017,0,0,,20
D009,UID_D009_018,0,0,,20
D009,UID_D009_019,0,1,2023-09-30,20
D010,UID_D010_000,0,1,2024-04-24,20
D010,UID_D010_001,0,0,,20
D010,UID_D010_002,0,0,,20
D010,UID_D010_003,0,0,,20
D010,UID_D010_004,0,0,,20
D010,UID_D010_005,0,1,2024-10-25,20
D010,UID_D010_006,0,0,,20
D010,UID_D010_007,0,0,,20
D010,UID_D010_008,0,0,,20
D010,UID_D010_009,0,0,,20
D010,UID_D010_010,0,0,,20
D010,UID_D010_011,0,0,invalid-date,20
D010,UID_D010_012,0,0,,20
D010,UID_D010_013,0,0,,20
D010,UID_D010_014,0,0,,20
D010,UID_D010_015,0,1,2024-09-04,20
D010,UID_D010_016,0,0,,20
D010,UID_D010_017,0,0,,20
D010,UID_D010_018,0,0,,20
D010,UID_D010_019,0,0,,20
D011,UID_D011_000,0,0,,20
D011,UID_D011_001,0,0,,20
D011,UID_D011_002,0,0,,20
D011,UID_D011_003,0,0,,20
D011,UID_D011_004,1,1,2025-04-15,20
D011,UID_D011_005,0,0,,20
D011,UID_D011_006,0,0,,20
D011,UID_D011_007,0,0,,20
D011,UID_D011_008,1,0,2025-12-04,20
D011,UID_D011_009,1,1,2025-09-09,20
D011,UID_D011_010,1,0,2025-05-07,20
D011,UID_D011_011,0,1,2025-10-11,20
D011,UID_D011_012,1,0,2025-05-13,20
D011,UID_D011_013,0,0,,20
D011,UID_D011_014,0,0,,20
D011,UID_D011_015,1,0,2025-07-09,20
D011,UID_D011_016,1,0,2025-08-17,20
D011,UID_D011_017,1,0,2025-05-13,20
D011,UID_D011_018,0,0,,20
D011,UID_D011_019,0,0,,20
D012,UID_D012_000,1,1,2025-12-28,20
D012,UID_D012_001,1,1,invalid-date,20
D012,UID_D012_002,1,0,2026-01-12,20
D012,UID_D012_003,0,0,,20
D012,UID_D012_004,1,1,2025-12-18,20
D012,UID_D012_005,1,0,2025-12-18,20
D012,UID_D012_006,1,0,2026-01-16,20
D012,UID_D012_007,1,1,2026-01-09,20
D012,UID_D012_008,1,0,2026-01-14,20
D012,UID_D012_009,1,0,2026-01-07,20
D012,UID_D012_010,1,1,2025-12-25,20
D012,UID_D012_011,1,0,2025-12-26,20
D012,UID_D012_012,1,1,2026-01-03,20
D012,UID_D012_013,1,1,2025-12-26,20
D012,UID_D012_014,1,0,2026-01-11,20
D012,UID_D012_015,1,1,2026-01-03,20
D012,UID_D012_016,1,0,2026-01-01,20
D012,UID_D012_017,1,1,2025-12-31,20
D012,UID_D012_018,1,0,2026-01-10,20
D012,UID_D012_019,1,0,2026-01-13,20
D013,UID_D013_000,1,0,2025-12-22,20
D013,UID_D013_001,1,0,2025-12-29,20
D013,UID_D013_002,1,1,invalid-date,20
D013,UID_D013_003,1,0,2026-01-04,20
D013,UID_D013_004,1,1,2025-12-25,20
D013,UID_D013_005,1,0,2025-12-27,20
D013,UID_D013_006,1,0,2025-12-22,20
D013,UID_D013_007,1,1,2026-01-12,20
D013,UID_D013_008,1,0,2026-01-17,20
D013,UID_D013_009,1,1,2026-01-03,20
D013,UID_D013_010,1,0,2026-01-14,20
D013,UID_D013_011,1,0,2026-01-06,20
D013,UID_D013_012,1,0,2025-12-18,20
D013,UID_D013_013,1,1,2025-12-22,20
D013,UID_D013_014,1,0,2026-01-03,20
D013,UID_D013_015,1,0,2025-12-28,20
D013,UID_D013_016,1,0,2026-01-05,20
D013,UID_D013_017,1,0,2026-01-14,20
D013,UID_D013_018,1,1,2026-01-16,20
D013,UID_D013_019,1,1,2025-12-29,20
D014,UID_D014_000,1,0,2025-07-10,20
D014,UID_D014_001,0,0,,20
D014,UID_D014_002,1,0,2025-09-17,20
D014,UID_D014_003,1,0,2025-07-01,20
D014,UID_D014_004,0,0,,20
D014,UID_D014_005,1,0,2025-08-13,20
D014,UID_D014_006,0,0,,20
D014,UID_D014_007,0,0,,20
D014,UID_D014_008,0,0,,20
D014,UID_D014_009,0,1,2025-11-12,20
D014,UID_D014_010,1,1,2025-07-19,20
D014,UID_D014_011,0,0,,20
D014,UID_D014_012,1,1,2025-02-18,20
D014,UID_D014_013,1,0,2025-06-11,20
D014,UID_D014_014,0,0,,20
D014,UID_D014_015,0,1,2025-02-14,20
D014,UID_D014_016,1,0,2025-06-10,20
D014,UID_D014_017,0,1,2025-06-05,20
D014,UID_D014_018,0,1,2025-06-30,20
D014,UID_D014_019,1,0,2025-08-22,20
D015,UID_D015_000,0,0,,20
D015,UID_D015_001,0,0,,20
D015,UID_D015_002,0,0,,20
D015,UID_D015_003,0,1,2024-03-21,20
D015,UID_D015_004,0,1,2024-05-13,20
D015,UID_D015_005,0,0,,20
D015,UID_D015_006,0,0,,20
D015,UID_D015_007,0,0,,20
D015,UID_D015_008,0,0,,20
D015,UID_D015_009,0,0,,20
D015,UID_D015_010,0,1,2023-06-27,20
D015,UID_D015_011,0,0,,20
D015,UID_D015_012,0,0,invalid-date,20
D015,UID_D015_013,0,0,,20
D015,UID_D015_014,0,0,,20
D015,UID_D015_015,0,0,,20
D015,UID_D015_016,0,0,,20
D015,UID_D015_017,0,0,,20
D015,UID_D015_018,0,0,,20
D015,UID_D015_019,0,0,,20
D016,UID_D016_000,0,0,,20
D016,UID_D016_001,0,1,2025-03-04,20
D016,UID_D016_002,0,0,,20
D016,UID_D016_003,0,0,,20
D016,UID_D016_004,0,0,,20
D016,UID_D016_005,1,1,2025-11-21,20
D016,UID_D016_006,1,0,2025-08-21,20
D016,UID_D016_007,0,1,2025-12-17,20
D016,UID_D016_008,1,0,2025-10-03,20
D016,UID_D016_009,1,1,2025-04-30,20
D016,UID_D016_010,1,0,2025-07-26,20
D016,UID_D016_011,0,1,2025-03-07,20
D016,UID_D016_012,1,0,2025-11-15,20
D016,UID_D016_013,1,0,2025-03-20,20
D016,UID_D016_014,1,1,2025-04-24,20
D016,UID_D016_015,1,1,2025-04-13,20
D016,UID_D016_016,0,0,,20
D016,UID_D016_017,0,0,,20
D016,UID_D016_018,1,1,2025-02-08,20
D016,UID_D016_019,0,0,,20
D017,UID_D017_000,0,0,,20
D017,UID_D017_001,0,0,,20
D017,UID_D017_002,1,1,2025-06-04,20
D017,UID_D017_003,0,0,,20
D017,UID_D017_004,0,0,,20
D017,UID_D017_005,0,0,,20
D017,UID_D017_006,0,0,,20
D017,UID_D017_007,0,1,2025-05-31,20
D017,UID_D017_008,0,0,,20
D017,UID_D017_009,0,1,2025-08-21,20
D017,UID_D017_010,1,0,2025-09-11,20
D017,UID_D017_011,0,0,,20
D017,UID_D017_012,1,0,2025-09-01,20
D017,UID_D017_013,0,0,,20
D017,UID_D017_014,1,0,2025-02-21,20
D017,UID_D017_015,0,0,,20
D017,UID_D017_016,0,0,,20
D017,UID_D017_017,0,0,,20
D017,UID_D017_018,1,1,2025-05-09,20
D017,UID_D017_019,0,0,,20
D018,UID_D018_000,1,0,2025-07-25,20
D018,UID_D018_001,1,0,2025-06-11,20
D018,UID_D018_002,1,1,2025-11-29,20
D018,UID_D018_003,0,0,,20
D018,UID_D018_004,1,0,2025-07-02,20
D018,UID_D018_005,0,1,2025-09-06,20
D018,UID_D018_006,0,0,,20
D018,UID_D018_007,0,0,,20
D018,UID_D018_008,1,0,2025-04-11,20
D018,UID_D018_009,1,0,2025-06-18,20
D018,UID_D018_010,1,0,2025-09-21,20
D018,UID_D018_011,0,0,,20
D018,UID_D018_012,0,0,,20
D018,UID_D018_013,0,1,2025-08-14,20
D018,UID_D018_014,1,0,2025-03-16,20
D018,UID_D018_015,1,1,2025-07-11,20
D018,UID_D018_016,0,0,,20
D018,UID_D018_017,0,0,,20
D018,UID_D018_018,1,0,2025-04-09,20
D018,UID_D018_019,0,0,,20
D019,UID_D019_000,1,0,2025-03-06,20
D019,UID_D019_001,1,1,2025-10-08,20
D019,UID_D019_002,1,0,2025-09-01,20
D019,UID_D019_003,1,1,2025-07-16,20
D019,UID_D019_004,0,1,2025-04-03,20
D019,UID_D019_005,0,0,,20
D019,UID_D019_006,0,0,,20
D019,UID_D019_007,1,1,2025-01-28,20
D019,UID_D019_008,0,1,2025-07-13,20
D019,UID_D019_009,1,0,2025-12-02,20
D019,UID_D019_010,0,1,2025-12-06,20
D019,UID_D019_011,0,0,,20
D019,UID_D019_012,1,0,2025-06-15,20
D019,UID_D019_013,1,0,2025-01-23,20
D019,UID_D019_014,1,0,2025-07-04,20
D019,UID_D019_015,1,1,2025-04-23,20
D019,UID_D019_016,1,0,2025-04-23,20
D019,UID_D019_017,0,0,,20
D019,UID_D019_018,1,1,2025-11-05,20
D019,UID_D019_019,0,1,2025-08-06,20
D020,UID_D020_000,0,0,,20
D020,UID_D020_001,0,1,2025-09-07,20
D020,UID_D020_002,0,0,,20
D020,UID_D020_003,1,0,2025-02-06,20
D020,UID_D020_004,0,0,,20
D020,UID_D020_005,1,0,2025-01-30,20
D020,UID_D020_006,1,0,2025-10-24,20
D020,UID_D020_007,0,0,,20
D020,UID_D020_008,0,0,,20
D020,UID_D020_009,1,0,2025-05-19,20
D020,UID_D020_010,0,1,2025-03-14,20
D020,UID_D020_011,0,0,,20
D020,UID_D020_012,0,0,,20
D020,UID_D020_013,1,1,2025-09-13,20
D020,UID_D020_014,0,0,,20
D020,UID_D020_015,1,0,2025-02-16,20
D020,UID_D020_016,1,1,2025-09-12,20
D020,UID_D020_017,1,0,2025-11-07,20
D020,UID_D020_018,0,1,2025-08-02,20
D020,UID_D020_019,0,0,,20
D021,UID_D021_000,0,0,,20
D021,UID_D021_001,0,0,,20
D021,UID_D021_002,1,0,2025-03-17,20
D021,UID_D021_003,0,1,2025-05-01,20
D021,UID_D021_004,0,0,,20
D021,UID_D021_005,0,1,2025-01-28,20
D021,UID_D021_006,1,0,2025-07-06,20
D021,UID_D021_007,0,1,2025-11-21,20
D021,UID_D021_008,0,0,,20
D021,UID_D021_009,0,0,,20
D021,UID_D021_010,0,0,,20
D021,UID_D021_011,0,0,,20
D021,UID_D021_012,0,0,,20
D021,UID_D021_013,1,0,2025-03-31,20
D021,UID_D021_014,0,0,,20
D021,UID_D021_015,1,1,2025-07-08,20
D021,UID_D021_016,0,0,,20
D021,UID_D021_017,0,1,2025-09-08,20
D021,UID_D021_018,0,0,,20
D021,UID_D021_019,0,0,,20
D022,UID_D022_000,1,0,2025-05-12,20
D022,UID_D022_001,1,0,2025-04-05,20
D022,UID_D022_002,0,1,2025-02-10,20
D022,UID_D022_003,1,0,2025-07-24,20
D022,UID_D022_004,1,0,2025-11-30,20
D022,UID_D022_005,1,0,2025-02-11,20
D022,UID_D022_006,1,0,2025-05-10,20
D022,UID_D022_007,1,0,2025-12-12,20
D022,UID_D022_008,1,0,2025-10-21,20
D022,UID_D022_009,1,0,2025-11-10,20
D022,UID_D022_010,1,0,2025-08-24,20
D022,UID_D022_011,1,0,2025-10-21,20
D022,UID_D022_012,1,0,2025-09-20,20
D022,UID_D022_013,1,0,2025-12-16,20
D022,UID_D022_014,1,1,2025-01-26,20
D022,UID_D022_015,0,0,,20
D022,UID_D022_016,0,0,,20
D022,UID_D022_017,1,1,2025-03-16,20
D022,UID_D022_018,1,1,2025-03-08,20
D022,UID_D022_019,0,0,,20
D023,UID_D023_000,1,1,2026-01-07,20
D023,UID_D023_001,1,0,2025-12-22,20
D023,UID_D023_002,1,1,2025-12-21,20
D023,UID_D023_003,1,1,2025-12-25,20
D023,UID_D023_004,1,1,2025-12-27,20
D023,UID_D023_005,1,0,2025-12-24,20
D023,UID_D023_006,1,0,2025-12-21,20
D023,UID_D023_007,1,0,2026-01-03,20
D023,UID_D023_008,1,1,2025-12-31,20
D023,UID_D023_009,1,0,2026-01-10,20
D023,UID_D023_010,1,0,2026-01-03,20
D023,UID_D023_011,1,1,2026-01-15,20
D023,UID_D023_012,1,0,2025-12-24,20
D023,UID_D023_013,1,0,2026-01-08,20
D023,UID_D023_014,1,1,2026-01-03,20
D023,UID_D023_015,1,1,2025-12-31,20
D023,UID_D023_016,1,0,2026-01-04,20
D023,UID_D023_017,1,0,2025-12-20,20
D023,UID_D023_018,1,0,2025-12-29,20
D023,UID_D023_019,1,0,2026-01-12,20
D024,UID_D024_000,0,0,,20
D024,UID_D024_001,0,0,,20
D024,UID_D024_002,0,0,,20
D024,UID_D024_003,0,0,,20
D024,UID_D024_004,0,1,2024-12-09,20
D024,UID_D024_005,0,1,2023-07-25,20
D024,UID_D024_006,0,0,,20
D024,UID_D024_007,0,0,,20
D024,UID_D024_008,0,1,2024-07-17,20
D024,UID_D024_009,0,0,,20
D024,UID_D024_010,0,0,,20
D024,UID_D024_011,0,1,2024-09-27,20
D024,UID_D024_012,0,0,,20
D024,UID_D024_013,0,0,,20
D024,UID_D024_014,0,0,,20
D024,UID_D024_015,0,0,,20
D024,UID_D024_016,0,0,,20
D024,UID_D024_017,0,1,2023-05-10,20
D024,UID_D024_018,0,0,,20
D024,UID_D024_019,0,0,,20
D025,UID_D025_000,0,0,,20
D025,UID_D025_001,0,0,,20
D025,UID_D025_002,1,0,2025-11-30,20
D025,UID_D025_003,1,0,2025-10-03,20
D025,UID_D025_004,0,1,2025-09-10,20
D025,UID_D025_005,0,1,2025-05-19,20
D025,UID_D025_006,0,0,,20
D025,UID_D025_007,0,1,2025-07-11,20
D025,UID_D025_008,0,0,,20
D025,UID_D025_009,0,1,2025-12-05,20
D025,UID_D025_010,1,0,2025-10-04,20
D025,UID_D025_011,0,0,,20
D025,UID_D025_012,0,0,,20
D025,UID_D025_013,1,0,2025-06-21,20
D025,UID_D025_014,0,0,,20
D025,UID_D025_015,0,0,,20
D025,UID_D025_016,0,0,,20
D025,UID_D025_017,1,0,2025-03-31,20
D025,UID_D025_018,0,0,,20
D025,UID_D025_019,1,0,2025-07-22,20
D026,UID_D026_000,1,0,2026-01-09,20
D026,UID_D026_001,1,0,2025-12-18,20
D026,UID_D026_002,1,1,invalid-date,20
D026,UID_D026_003,1,0,2026-01-15,20
D026,UID_D026_004,1,0,2026-01-12,20
D026,UID_D026_005,1,0,2026-01-03,20
D026,UID_D026_006,1,0,2026-01-06,20
D026,UID_D026_007,1,1,2026-01-05,20
D026,UID_D026_008,1,0,2026-01-08,20
D026,UID_D026_009,1,1,2025-12-25,20
D026,UID_D026_010,1,0,2026-01-16,20
D026,UID_D026_011,1,0,2025-12-26,20
D026,UID_D026_012,1,0,2025-12-24,20
D026,UID_D026_013,1,1,2026-01-07,20
D026,UID_D026_014,1,0,2026-01-03,20
D026,UID_D026_015,1,0,2025-12-28,20
D026,UID_D026_016,1,1,2025-12-18,20
D026,UID_D026_017,1,1,2026-01-05,20
D026,UID_D026_018,1,0,2025-12-31,20
D026,UID_D026_019,1,0,2025-12-22,20
D027,UID_D027_000,0,0,,20
D027,UID_D027_001,0,0,,20
D027,UID_D027_002,0,0,,20
D027,UID_D027_003,0,1,2024-02-17,20
D027,UID_D027_004,0,0,,20
D027,UID_D027_005,0,1,2023-08-01,20
D027,UID_D027_006,0,0,,20
D027,UID_D027_007,0,1,2023-04-27,20
D027,UID_D027_008,0,0,,20
D027,UID_D027_009,0,1,2023-09-01,20
D027,UID_D027_010,0,0,,20
D027,UID_D027_011,0,0,,20
D027,UID_D027_012,0,1,2024-11-09,20
D027,UID_D027_013,0,0,,20
D027,UID_D027_014,0,1,2023-11-15,20
D027,UID_D027_015,0,0,,20
D027,UID_D027_016,0,0,,20
D027,UID_D027_017,0,0,,20
D027,UID_D027_018,0,1,2024-10-19,20
D027,UID_D027_019,0,0,,20
D028,UID_D028_000,0,0,,20
D028,UID_D028_001,0,0,,20
D028,UID_D028_002,0,0,,20
D028,UID_D028_003,0,0,,20
D028,UID_D028_004,0,0,,20
D028,UID_D028_005,0,0,,20
D028,UID_D028_006,0,0,,20
D028,UID_D028_007,0,0,,20
D028,UID_D028_008,0,0,,20
D028,UID_D028_009,0,0,,20
D028,UID_D028_010,0,0,,20
D028,UID_D028_011,0,0,,20
D028,UID_D028_012,0,0,,20
D028,UID_D028_013,0,0,,20
D028,UID_D028_014,0,0,,20
D028,UID_D028_015,0,0,,20
D028,UID_D028_016,0,1,2023-12-03,20
D028,UID_D028_017,0,0,,20
D028,UID_D028_018,0,0,,20
D028,UID_D028_019,0,0,,20
D029,UID_D029_000,0,0,,20
D029,UID_D029_001,1,1,2026-01-15,20
D029,UID_D029_002,1,1,2025-12-18,20
D029,UID_D029_003,1,0,2025-12-30,20
D029,UID_D029_004,1,0,2026-01-01,20
D029,UID_D029_005,1,1,2026-01-16,20
D029,UID_D029_006,1,0,2025-12-20,20
D029,UID_D029_007,0,0,,20
D029,UID_D029_008,1,0,2026-01-02,20
D029,UID_D029_009,1,0,2025-12-20,20
D029,UID_D029_010,1,0,2025-12-18,20
D029,UID_D029_011,1,1,2025-12-22,20
D029,UID_D029_012,1,1,2026-01-05,20
D029,UID_D029_013,1,0,2025-12-19,20
D029,UID_D029_014,1,0,2025-12-26,20
D029,UID_D029_015,1,0,2025-12-26,20
D029,UID_D029_016,1,0,2025-12-23,20
D029,UID_D029_017,1,0,2025-12-22,20
D029,UID_D029_018,0,0,,20
D029,UID_D029_019,1,1,2025-12-20,20
D030,UID_D030_000,1,0,2026-01-10,20
D030,UID_D030_001,1,0,2026-01-17,20
D030,UID_D030_002,1,0,2025-12-20,20
D030,UID_D030_003,1,0,2025-12-29,20
D030,UID_D030_004,1,1,2025-12-21,20
D030,UID_D030_005,1,0,2026-01-08,20
D030,UID_D030_006,1,0,invalid-date,20
D030,UID_D030_007,1,0,2026-01-01,20
D030,UID_D030_008,1,0,2026-01-05,20
D030,UID_D030_009,0,0,,20
D030,UID_D030_010,1,0,2025-12-28,20
D030,UID_D030_011,1,1,2026-01-02,20
D030,UID_D030_012,1,0,2025-12-23,20
D030,UID_D030_013,1,0,2025-12-22,20
D030,UID_D030_014,1,0,2025-12-20,20
D030,UID_D030_015,1,0,2025-12-18,20
D030,UID_D030_016,1,0,2025-12-20,20
D030,UID_D030_017,1,0,2025-12-27,20
D030,UID_D030_018,1,1,2026-01-01,20
D030,UID_D030_019,1,1,2026-01-11,20
D031,UID_D031_000,0,1,2025-09-08,20
D031,UID_D031_001,1,0,2025-10-18,20
D031,UID_D031_002,1,0,2025-05-26,20
D031,UID_D031_003,1,0,2025-06-27,20
D031,UID_D031_004,1,0,2025-02-24,20
D031,UID_D031_005,1,0,2025-06-15,20
D031,UID_D031_006,0,1,2025-09-10,20
D031,UID_D031_007,1,0,2025-07-30,20
D031,UID_D031_008,0,0,,20
D031,UID_D031_009,1,0,2025-07-15,20
D031,UID_D031_010,1,0,2025-04-17,20
D031,UID_D031_011,1,0,2025-08-24,20
D031,UID_D031_012,1,0,2025-11-20,20
D031,UID_D031_013,0,0,,20
D031,UID_D031_014,1,0,2025-08-08,20
D031,UID_D031_015,0,1,2025-05-30,20
D031,UID_D031_016,1,1,2025-02-05,20
D031,UID_D031_017,1,1,2025-03-05,20
D031,UID_D031_018,1,0,2025-08-12,20
D031,UID_D031_019,1,0,2025-07-02,20
D032,UID_D032_000,0,0,,20
D032,UID_D032_001,1,0,2025-01-21,20
D032,UID_D032_002,1,0,2025-07-02,20
D032,UID_D032_003,0,0,,20
D032,UID_D032_004,1,0,2025-09-16,20
D032,UID_D032_005,0,0,,20
D032,UID_D032_006,0,0,,20
D032,UID_D032_007,1,0,2025-11-11,20
D032,UID_D032_008,1,0,2025-08-12,20
D032,UID_D032_009,0,1,2025-07-16,20
D032,UID_D032_010,0,0,,20
D032,UID_D032_011,0,0,,20
D032,UID_D032_012,0,1,2025-08-21,20
D032,UID_D032_013,1,1,2025-05-07,20
D032,UID_D032_014,0,0,,20
D032,UID_D032_015,1,0,2025-02-07,20
D032,UID_D032_016,0,1,2025-05-18,20
D032,UID_D032_017,0,1,2025-08-06,20
D032,UID_D032_018,1,0,2025-02-15,20
D032,UID_D032_019,1,0,2025-03-15,20
D033,UID_D033_000,1,1,2026-01-17,20
D033,UID_D033_001,1,1,2026-01-09,20
D033,UID_D033_002,1,0,2026-01-03,20
D033,UID_D033_003,1,0,2026-01-15,20
D033,UID_D033_004,1,0,2025-12-31,20
D033,UID_D033_005,1,0,2026-01-01,20
D033,UID_D033_006,0,0,,20
D033,UID_D033_007,1,1,2025-12-19,20
D033,UID_D033_008,1,0,2026-01-09,20
D033,UID_D033_009,1,1,2026-01-16,20
D033,UID_D033_010,1,0,2026-01-07,20
D033,UID_D033_011,1,1,2026-01-13,20
D033,UID_D033_012,1,0,2025-12-30,20
D033,UID_D033_013,0,1,2025-12-23,20
D033,UID_D033_014,1,0,2025-12-29,20
D033,UID_D033_015,1,1,2025-12-22,20
D033,UID_D033_016,1,1,2026-01-11,20
D033,UID_D033_017,1,1,2026-01-17,20
D033,UID_D033_018,1,0,2025-12-24,20
D033,UID_D033_019,1,0,2026-01-06,20
D034,UID_D034_000,0,0,,20
D034,UID_D034_001,0,0,,20
D034,UID_D034_002,0,0,,20
D034,UID_D034_003,0,0,,20
D034,UID_D034_004,0,1,2023-11-24,20
D034,UID_D034_005,0,0,,20
D034,UID_D034_006,0,0,,20
D034,UID_D034_007,0,1,2024-02-03,20
D034,UID_D034_008,0,1,2024-12-16,20
D034,UID_D034_009,0,0,,20
D034,UID_D034_010,0,0,,20
D034,UID_D034_011,0,1,2024-01-15,20
D034,UID_D034_012,0,0,,20
D034,UID_D034_013,0,1,2023-10-03,20
D034,UID_D034_014,0,0,,20
D034,UID_D034_015,0,0,,20
D034,UID_D034_016,0,0,,20
D034,UID_D034_017,0,0,,20
D034,UID_D034_018,0,0,,20
D034,UID_D034_019,0,1,2024-10-03,20
D035,UID_D035_000,1,1,2025-07-23,20
D035,UID_D035_001,0,0,,20
D035,UID_D035_002,1,1,2025-04-01,20
D035,UID_D035_003,1,0,2025-06-13,20
D035,UID_D035_004,1,0,2025-10-23,20
D035,UID_D035_005,0,1,2025-09-21,20
D035,UID_D035_006,1,0,2025-05-16,20
D035,UID_D035_007,1,1,2025-07-26,20
D035,UID_D035_008,0,1,2025-01-25,20
D035,UID_D035_009,0,1,2025-08-09,20
D035,UID_D035_010,0,0,,20
D035,UID_D035_011,1,0,2025-05-20,20
D035,UID_D035_012,1,0,2025-09-17,20
D035,UID_D035_013,1,1,2025-04-25,20
D035,UID_D035_014,1,0,2025-08-19,20
D035,UID_D035_015,0,0,,20
D035,UID_D035_016,0,1,2025-04-30,20
D035,UID_D035_017,0,0,,20
D035,UID_D035_018,0,0,,20
D035,UID_D035_019,0,0,,20
D036,UID_D036_000,1,0,2025-12-30,20
D036,UID_D036_001,1,0,2025-12-30,20
D036,UID_D036_002,1,1,2026-01-12,20
D036,UID_D036_003,1,0,2025-12-18,20
D036,UID_D036_004,1,0,2026-01-10,20
D036,UID_D036_005,1,0,2025-12-29,20
D036,UID_D036_006,1,1,2025-12-22,20
D036,UID_D036_007,1,1,2025-12-23,20
D036,UID_D036_008,1,0,2025-12-18,20
D036,UID_D036_009,1,1,2026-01-11,20
D036,UID_D036_010,1,0,2026-01-11,20
D036,UID_D036_011,1,0,2026-01-07,20
D036,UID_D036_012,1,0,2025-12-27,20
D036,UID_D036_013,1,0,2025-12-25,20
D036,UID_D036_014,1,1,2025-12-19,20
D036,UID_D036_015,1,1,2025-12-30,20
D036,UID_D036_016,1,0,2025-12-25,20
D036,UID_D036_017,1,1,2026-01-03,20
D036,UID_D036_018,1,0,2025-12-20,20
D036,UID_D036_019,0,0,,20
D037,UID_D037_000,0,0,,20
D037,UID_D037_001,1,0,2025-02-15,20
D037,UID_D037_002,1,0,2025-07-11,20
D037,UID_D037_003,0,0,,20
D037,UID_D037_004,1,0,2025-05-16,20
D037,UID_D037_005,0,0,,20
D037,UID_D037_006,0,0,,20
D037,UID_D037_007,1,1,2025-11-14,20
D037,UID_D037_008,1,0,2025-11-28,20
D037,UID_D037_009,0,1,2025-09-25,20
D037,UID_D037_010,1,0,2025-11-12,20
D037,UID_D037_011,0,0,,20
D037,UID_D037_012,1,0,2025-08-20,20
D037,UID_D037_013,1,0,2025-04-19,20
D037,UID_D037_014,0,1,2025-08-24,20
D037,UID_D037_015,0,0,,20
D037,UID_D037_016,0,0,,20
D037,UID_D037_017,0,0,,20
D037,UID_D037_018,0,1,2025-08-17,20
D037,UID_D037_019,0,0,,20
D038,UID_D038_000,1,1,2026-01-01,20
D038,UID_D038_001,1,1,2026-01-07,20
D038,UID_D038_002,1,1,2025-12-21,20
D038,UID_D038_003,1,0,2026-01-16,20
D038,UID_D038_004,1,0,2026-01-10,20
D038,UID_D038_005,0,0,,20
D038,UID_D038_006,1,1,2026-01-10,20
D038,UID_D038_007,1,0,2025-12-29,20
D038,UID_D038_008,1,0,2026-01-06,20
D038,UID_D038_009,1,0,2025-12-28,20
D038,UID_D038_010,1,0,2025-12-30,20
D038,UID_D038_011,1,1,2026-01-15,20
D038,UID_D038_012,1,1,2025-12-24,20
D038,UID_D038_013,1,0,2026-01-05,20
D038,UID_D038_014,1,1,2026-01-07,20
D038,UID_D038_015,1,0,2025-12-26,20
D038,UID_D038_016,1,0,2026-01-10,20
D038,UID_D038_017,0,1,2025-12-23,20
D038,UID_D038_018,1,1,2026-01-16,20
D038,UID_D038_019,1,1,2026-01-01,20
D039,UID_D039_000,0,0,,20
D039,UID_D039_001,0,0,,20
D039,UID_D039_002,0,0,,20
D039,UID_D039_003,1,0,2025-12-01,20
D039,UID_D039_004,1,0,2025-04-13,20
D039,UID_D039_005,1,0,2025-03-23,20
D039,UID_D039_006,1,1,2025-01-17,20
D039,UID_D039_007,1,0,2025-08-09,20
D039,UID_D039_008,1,1,2025-09-11,20
D039,UID_D039_009,0,0,,20
D039,UID_D039_010,1,1,2025-03-13,20
D039,UID_D039_011,0,0,,20
D039,UID_D039_012,0,0,,20
D039,UID_D039_013,0,1,2025-03-26,20
D039,UID_D039_014,1,0,2025-12-18,20
D039,UID_D039_015,1,0,2025-02-27,20
D039,UID_D039_016,1,1,2025-03-16,20
D039,UID_D039_017,1,1,2025-03-11,20
D039,UID_D039_018,1,0,2025-02-07,20
D039,UID_D039_019,1,0,2025-07-05,20
D040,UID_D040_000,0,0,,20
D040,UID_D040_001,1,0,2025-03-16,20
D040,UID_D040_002,0,0,,20
D040,UID_D040_003,1,1,2025-04-25,20
D040,UID_D040_004,0,1,2025-02-06,20
D040,UID_D040_005,0,1,2025-05-04,20
D040,UID_D040_006,1,1,2025-09-18,20
D040,UID_D040_007,0,1,2025-10-24,20
D040,UID_D040_008,0,1,2025-03-29,20
D040,UID_D040_009,0,0,,20
D040,UID_D040_010,1,0,2025-07-30,20
D040,UID_D040_011,1,0,2025-08-24,20
D040,UID_D040_012,1,0,2025-02-16,20
D040,UID_D040_013,0,0,,20
D040,UID_D040_014,1,0,2025-04-29,20
D040,UID_D040_015,0,0,,20
D040,UID_D040_016,0,1,2025-08-01,20
D040,UID_D040_017,1,1,2025-07-22,20
D040,UID_D040_018,1,0,2025-06-23,20
D040,UID_D040_019,1,1,2025-04-12,20
D041,UID_D041_000,1,1,2025-12-22,20
D041,UID_D041_001,1,1,2025-12-19,20
D041,UID_D041_002,1,0,2026-01-03,20
D041,UID_D041_003,1,0,2026-01-13,20
D041,UID_D041_004,1,1,2025-12-26,20
D041,UID_D041_005,1,1,2026-01-05,20
D041,UID_D041_006,0,1,2026-01-07,20
D041,UID_D041_007,1,1,2025-12-20,20
D041,UID_D041_008,1,1,2026-01-10,20
D041,UID_D041_009,0,0,,20
D041,UID_D041_010,1,0,2025-12-25,20
D041,UID_D041_011,1,0,2026-01-02,20
D041,UID_D041_012,1,1,2025-12-31,20
D041,UID_D041_013,1,0,2025-12-23,20
D041,UID_D041_014,1,1,2025-12-24,20
D041,UID_D041_015,1,0,invalid-date,20
D041,UID_D041_016,1,0,2025-12-20,20
D041,UID_D041_017,1,0,2025-12-25,20
D041,UID_D041_018,1,1,2026-01-10,20
D041,UID_D041_019,1,0,2025-12-25,20
D042,UID_D042_000,0,1,2024-09-03,20
D042,UID_D042_001,0,0,,20
D042,UID_D042_002,0,0,,20
D042,UID_D042_003,0,0,,20
D042,UID_D042_004,0,0,,20
D042,UID_D042_005,0,0,,20
D042,UID_D042_006,0,0,,20
D042,UID_D042_007,0,0,,20
D042,UID_D042_008,0,0,,20
D042,UID_D042_009,0,0,,20
D042,UID_D042_010,0,0,,20
D042,UID_D042_011,0,0,,20
D042,UID_D042_012,0,0,,20
D042,UID_D042_013,0,1,2023-12-09,20
D042,UID_D042_014,0,1,2024-04-20,20
D042,UID_D042_015,0,0,,20
D042,UID_D042_016,0,0,,20
D042,UID_D042_017,0,0,,20
D042,UID_D042_018,0,0,,20
D042,UID_D042_019,0,1,2023-11-16,20
D043,UID_D043_000,0,0,,20
D043,UID_D043_001,0,1,2024-11-21,20
D043,UID_D043_002,0,0,,20
D043,UID_D043_003,0,1,2023-07-12,20
D043,UID_D043_004,0,1,2023-08-15,20
D043,UID_D043_005,0,0,,20
D043,UID_D043_006,0,1,2024-10-31,20
D043,UID_D043_007,0,0,,20
D043,UID_D043_008,0,0,,20
D043,UID_D043_009,0,0,,20
D043,UID_D043_010,0,0,,20
D043,UID_D043_011,0,0,,20
D043,UID_D043_012,0,0,,20
D043,UID_D043_013,0,1,2023-07-23,20
D043,UID_D043_014,0,1,2024-02-25,20
D043,UID_D043_015,0,0,,20
D043,UID_D043_016,0,0,,20
D043,UID_D043_017,0,0,,20
D043,UID_D043_018,0,0,,20
D043,UID_D043_019,0,1,2024-04-13,20
D044,UID_D044_000,0,0,,20
D044,UID_D044_001,0,1,2024-05-21,20
D044,UID_D044_002,0,0,,20
D044,UID_D044_003,0,1,2023-10-31,20
D044,UID_D044_004,0,0,,20
D044,UID_D044_005,0,0,,20
D044,UID_D044_006,0,0,,20
D044,UID_D044_007,0,1,2024-04-06,20
D044,UID_D044_008,0,0,,20
D044,UID_D044_009,0,0,,20
D044,UID_D044_010,0,0,,20
D044,UID_D044_011,0,0,,20
D044,UID_D044_012,0,0,,20
D044,UID_D044_013,0,0,,20
D044,UID_D044_014,0,0,,20
D044,UID_D044_015,0,0,,20
D044,UID_D044_016,0,0,,20
D044,UID_D044_017,0,1,2025-01-15,20
D044,UID_D044_018,0,0,,20
D044,UID_D044_019,0,0,,20
D045,UID_D045_000,1,0,2025-12-31,20
D045,UID_D045_001,1,0,2026-01-01,20
D045,UID_D045_002,1,0,2026-01-09,20
D045,UID_D045_003,1,1,2025-12-28,20
D045,UID_D045_004,1,1,2026-01-07,20
D045,UID_D045_005,1,0,2026-01-04,20
D045,UID_D045_006,1,1,2026-01-13,20
D045,UID_D045_007,1,0,2025-12-20,20
D045,UID_D045_008,1,0,2025-12-30,20
D045,UID_D045_009,1,1,2025-12-19,20
D045,UID_D045_010,1,0,2025-12-23,20
D045,UID_D045_011,1,0,2025-12-28,20
D045,UID_D045_012,1,0,2025-12-20,20
D045,UID_D045_013,0,0,,20
D045,UID_D045_014,1,0,2026-01-12,20
D045,UID_D045_015,1,1,2025-12-26,20
D045,UID_D045_016,1,0,2025-12-23,20
D045,UID_D045_017,1,1,2026-01-14,20
D045,UID_D045_018,1,0,2026-01-08,20
D045,UID_D045_019,1,0,2025-12-27,20
D046,UID_D046_000,0,0,,20
D046,UID_D046_001,0,1,2023-06-06,20
D046,UID_D046_002,0,1,2023-07-07,20
D046,UID_D046_003,0,0,,20
D046,UID_D046_004,0,1,2023-08-01,20
D046,UID_D046_005,0,0,,20
D046,UID_D046_006,0,1,2024-08-25,20
D046,UID_D046_007,0,0,,20
D046,UID_D046_008,0,0,,20
D046,UID_D046_009,0,0,,20
D046,UID_D046_010,0,0,,20
D046,UID_D046_011,0,0,,20
D046,UID_D046_012,0,1,2023-08-18,20
D046,UID_D046_013,0,1,2023-08-24,20
D046,UID_D046_014,0,0,,20
D046,UID_D046_015,0,0,,20
D046,UID_D046_016,0,0,,20
D046,UID_D046_017,0,0,,20
D046,UID_D046_018,0,0,,20
D046,UID_D046_019,0,0,,20
D047,UID_D047_000,1,1,2025-04-01,20
D047,UID_D047_001,1,0,2025-09-26,20
D047,UID_D047_002,0,1,2025-05-24,20
D047,UID_D047_003,0,0,,20
D047,UID_D047_004,1,0,2025-10-04,20
D047,UID_D047_005,1,1,2025-06-08,20
D047,UID_D047_006,0,0,,20
D047,UID_D047_007,0,0,,20
D047,UID_D047_008,1,0,2025-08-01,20
D047,UID_D047_009,0,0,,20
D047,UID_D047_010,1,0,2025-08-09,20
D047,UID_D047_011,1,1,2025-07-03,20
D047,UID_D047_012,1,0,2025-12-15,20
D047,UID_D047_013,1,0,2025-03-15,20
D047,UID_D047_014,0,1,2025-07-17,20
D047,UID_D047_015,1,0,2025-02-22,20
D047,UID_D047_016,0,1,2025-07-04,20
D047,UID_D047_017,1,0,2025-02-26,20
D047,UID_D047_018,0,0,,20
D047,UID_D047_019,1,0,2025-10-14,20
D048,UID_D048_000,0,0,,20
D048,UID_D048_001,0,0,,20
D048,UID_D048_002,0,1,2023-06-02,20
D048,UID_D048_003,0,0,,20
D048,UID_D048_004,0,1,2024-02-29,20
D048,UID_D048_005,0,0,,20
D048,UID_D048_006,0,0,,20
D048,UID_D048_007,0,0,,20
D048,UID_D048_008,0,0,,20
D048,UID_D048_009,0,0,,20
D048,UID_D048_010,0,1,2023-05-20,20
D048,UID_D048_011,0,0,,20
D048,UID_D048_012,0,0,,20
D048,UID_D048_013,0,0,,20
D048,UID_D048_014,0,0,,20
D048,UID_D048_015,0,0,,20
D048,UID_D048_016,0,0,,20
D048,UID_D048_017,0,1,2024-04-19,20
D048,UID_D048_018,0,1,2024-07-19,20
D048,UID_D048_019,0,0,,20
D049,UID_D049_000,0,0,,20
D049,UID_D049_001,0,0,,20
D049,UID_D049_002,0,0,,20
D049,UID_D049_003,0,1,2024-04-04,20
D049,UID_D049_004,0,0,,20
D049,UID_D049_005,0,0,,20
D049,UID_D049_006,0,0,,20
D049,UID_D049_007,0,0,,20
D049,UID_D049_008,0,0,,20
D049,UID_D049_009,0,0,,20
D049,UID_D049_010,0,0,,20
D049,UID_D049_011,0,1,2023-10-10,20
D049,UID_D049_012,0,0,,20
D049,UID_D049_013,0,0,,20
D049,UID_D049_014,0,0,,20
D049,UID_D049_015,0,1,2023-07-21,20
D049,UID_D049_016,0,0,,20
D049,UID_D049_017,0,1,2024-10-26,20
D049,UID_D049_018,0,0,,20
D049,UID_D049_019,0,0,invalid-date,20
D050,UID_D050_000,1,0,2025-11-27,20
D050,UID_D050_001,0,0,,20
D050,UID_D050_002,0,0,,20
D050,UID_D050_003,1,0,2025-01-20,20
D050,UID_D050_004,1,0,2025-11-28,20
D050,UID_D050_005,0,0,,20
D050,UID_D050_006,1,0,2025-03-11,20
D050,UID_D050_007,1,0,2025-04-13,20
D050,UID_D050_008,1,1,2025-04-11,20
D050,UID_D050_009,0,0,,20
D050,UID_D050_010,0,0,,20
D050,UID_D050_011,1,0,2025-04-30,20
D050,UID_D050_012,0,0,,20
D050,UID_D050_013,1,0,2025-10-06,20
D050,UID_D050_014,1,1,2025-01-31,20
D050,UID_D050_015,1,0,2025-03-18,20
D050,UID_D050_016,1,1,2025-08-08,20
D050,UID_D050_017,0,0,,20
D050,UID_D050_018,0,0,,20
D050,UID_D050_019,1,0,2025-01-29,20
